warp_EA,warp_VS<->PS,warp_VS,warp_EA<->PS,warp_PS,warp_EA<->VS
PeteButtigieg,Jim_Jordan,YoGotti,TheWeirdWorld,listia,LilTunechi
WhiteHouse,MacMiller,KattWilliams,MrAndyNgo,RepMTG,BrunoMars
SpeakerPelosi,RandPaul,2chainz,sza,scrowder,VineCreators
PressSec,XXL,1future,KylieJenner,laurenboebert,TwitterCreators
FLOTUS,OffsetYRN,BunBTrillOG,KrisJenner,Franklin_Graham,MELANIATRUMP
JoyAnnReid,thejuelzsantana,MoneyBaggYo,Kohls,robkardashian,Drake
AP,Lloydbanks,iamkevingates,victoriabeckham,tedcruz,ESPNCFB
sarahcpr,MeekMill,YoungDolph,enews,snooki,Walmart
RepKatiePorter,Therealkiss,TheRealMikeEpps,khloekardashian,JENNIWOWW,wikileaks
RepAdamSchiff,jimjonescapo,XXL,theweeknd,dbongino,selenagomez
BetoORourke,icecube,OffsetYRN,DaRealAmberRose,seanhannity,CocaCola
PreetBharara,BigSean,thejuelzsantana,KimKardashian,DonaldJTrumpJr,TuckerCarlson
SecondGentleman,libsoftiktok,Lloydbanks,RealJamesWoods,libsoftiktok,CashApp
jrpsaki,WORLDSTAR,MeekMill,FLOTUS45,WORLDSTAR,YouTube
MSNBC,TheBabylonBee,wikileaks,FoxNews,TheBabylonBee,PerezHilton
MaryLTrump,Wale,Therealkiss,MrBeast,KendallJenner,Android
maddow,Migos,jimjonescapo,TMZ,DaRealAmberRose,Wale
POTUS,LiamPayne,Wale,McDonalds,LiamPayne,Migos
billmaher,50cent,Migos,Harry_Styles,MrBeast,Harry_Styles
jaketapper,JColeNC,ESPNCFB,PressSec45,MacMiller,KevinHart4real
tomhanks,ESPNCFB,Walmart,britneyspears,RealJamesWoods,TheRealMikeEpps
ACLU,Walmart,Jim_Jordan,Tesla,50cent,POTUS45
chrislhayes,DonaldJTrumpJr,LilTunechi,kourtneykardash,RandPaul,JColeNC
RobertDowneyJr,theweeknd,MELANIATRUMP,50cent,KrisJenner,kendricklamar
gtconway3d,iamkevingates,icecube,myfabolouslife,theweeknd,PressSec45